Sample_Id	SV_Status	Site1_Hugo_Symbol	Site2_Hugo_Symbol	Site1_Chromosome	Site2_Chromosome	Site1_Position	Site2_Position	Site1_Description	Site2_Description	Site2_Effect_On_Frame	NCBI_Build	Class	Tumor_Split_Read_Count	Tumor_Paired_End_Read_Count	Event_Info	Breakpoint_Type	Connection_Type	Annotation	DNA_Support	RNA_Support	SV_Length	Normal_Read_Count	Tumor_Read_Count	Normal_Variant_Count	Tumor_Variant_Count	Comments
P-0015002-T01-IM6	SOMATIC	A2BP1	ZFHX3	16	16	6119693.0	72831356.0	5-UTR of A2BP1(+): 982Kb before coding start	Exon 9 of ZFHX3(-)		GRCh37	INVERSION	21.0	23.0	Protein fusion: mid-exon (ZFHX3-A2BP1)	PRECISE	5to5	ZFHX3 (NM_006885) rearrangement : c.5225:ZFHX3_g.6119693inv	yes	unknown	66711663.0	322021.0	328704.0	0.0	22.0	Note: The ZFHX3 (NM_006885) rearrangement results in an inversion of ZFHX3 exons 9-10 . The breakpoint in ZFHX3 is within exon 9. The functional significance is undetermined.
P-0020861-T01-IM6	SOMATIC	AXL		19	15	41763332.0	20101904.0	Intron of AXL(+):65bp before exon 19	IGR: 386Kb before CHEK2P2(+)		GRCh37	TRANSLOCATION			AXL-intragenic	IMPPRECISE	5to5	AXL (NM_021913) rearrangement: t(15;19)(q11.1;q13.2)(chr15:g.20101904::chr19:g.41763332)			0.0	0.0	0.0	0.0	6.0	Note: The AXL rearrangement is a translocation that may result in the truncation of exons 1-18. The functional significance is undetermined.
P-0022174-T01-IM6	SOMATIC	BRIP1	BRIP1	17	17	59831214.0	59870958.0	Intron of BRIP1(-):9Kb before exon 15	Exon 10 of BRIP1(-)		GRCh37	DELETION	6.0	4.0	Deletion within transcript : mid-exon	PRECISE	3to5	BRIP1 (NM_032043) rearrangement: c.1473_c.2098-9262del	yes	unknown	39744.0	6702.0	9040.0	0.0	4.0	Note: The BRIP1 rearrangement results in the deletion of exons 10-14. One of the breakpoints is within exon 10. Its functional significance is undetermined.
P-0025401-T01-IM6	SOMATIC	CDK12		17	17	37627700.0	37748036.0	Exon 2 of CDK12(+)	IGR: 12Kb before NEUROD2(-)		GRCh37	DELETION			CDK12-intragenic	PRECISE	3to5	CDK12 (NM_016507) rearrangement: c.1615:CDK12_chr17:g.37748036del			120336.0	30077.0	30603.0	0.0	24.0	Note: The CDK12 rearrangement is a deletion of exons 2-14. One of the breakpoints is within exon 2. The functional significance is undetermined.
P-0016575-T01-IM6	SOMATIC	CDKN2A		9	9	21971259.0	25375257.0	Intron of CDKN2A(-):52bp before exon 2	IGR: 301Kb before TUSC1(-)		GRCh37	DELETION			CDKN2A-intragenic	PRECISE	3to5	CDKN2A (NM_000077) rearrangement: c.151-52_chr9:g.25375257del			3403998.0	6864.0	12715.0	0.0	11.0	Note: The CDKN2A rearrangement is a deletion which includes exon 1 of  both the CDKN2Ap16INK4A (NM_000077) and CDKN2Ap14ARF (NM_058195) isoforms.
P-0031232-T01-IM6	SOMATIC	CDKN2B	CDKN2B	9	9	21962196.0	22008494.0	IGR: 5Kb before CDKN2A-AS1(+)	Intron of CDKN2B(-):302bp after exon 1		GRCh37	DELETION	5.0	3.0	CDKN2B-intragenic	PRECISE	3to5	CDKN2B (NM_004936) rearrangement: c.156+303:CDKN1B_chr9:g.21962196del	yes	unknown	46298.0	17134.0	15808.0	0.0	4.0	Note: The CDKN2B rearrangement is a deletion of exon 2.
P-0062128-T02-IM7	SOMATIC	CDKN2B	CDKN2B	9	9	21958332.0	22008170.0	IGR: 9Kb before CDKN2A-AS1(+)	Intron of CDKN2B(-):626bp after exon 1		GRCh37	DELETION	10.0	24.0	CDKN2B-intragenic	PRECISE	3to5	CDKN2B (NM_004936) rearrangement: c.156+627:CDKN2B_chr9:g.21958332del	yes	unknown	49838.0	16218.0	18550.0	0.0	23.0	Note: The CDKN2B rearrangement is a deletion of exon 2.
P-0007114-T01-IM5	SOMATIC	CREBBP	CREBBP	16	16	3780033.0	3823200.0	Intron of CREBBP(-): 158bp before exon 31	Intron of CREBBP(-): 552bp after exon 13		GRCh37	DELETION	13.0	11.0	Deletion of 17 exons: in frame	PRECISE	3to5	CREBBP (NM_004380) rearrangement :  c.2463+552_5173-158del	yes	unknown	43167.0	49026.0	37928.0	0.0	9.0	Note: The CREBBP (NM_004380) rearrangement results in the intragenic deletion of exons 14 to 30. Its functional significance is undetermined.
P-0082781-T02-IM7	SOMATIC	CUX1	CDKN2A	9	7	21971327.0	101819714.0	Intron of CDKN2A(-):120bp before exon 2	Intron of CUX1(+):2Kb before exon 11		GRCh37	TRANSLOCATION			Protein Fusion: out of frame  {CUX1:CDKN2A}	PRECISE	3to3	CUX1 (NM_181552) - CDKN2A (NM_058195) rearrangement: t(7;9)(q22.1;p21.3)(chr7:g.101819714::chr9:g.21971327)			0.0	0.0	0.0	0.0	37.0	Note: The CUX1 - CDKN2A rearrangement is a translocation that results in a fusion of CUX1 exons 1 - 10 to CDKN2A exon 2. Functional significance is undetermined. This variant affects both CDKN2Ap14ARF (NM_058195) and CDKN2Ap16INK4A (NM_000077) isoforms.
P-0024680-T01-IM6	SOMATIC	DNAJB1		19	19	14628395.0	54554585.0	Intron of DNAJB1(-):537bp before exon 2	Intron of VSTM1(-):9Kb before exon 2		GRCh37	INVERSION			DNAJB1-intragenic	PRECISE	3to3	DNAJB1 (NM_006145) Rearrangement: c.212-537:DNAJB1_c.394+79:VSTM1inv			39926190.0	564936.0	475412.0	0.0	3.0	Note:The DNAJB1 Rearrangement results in the inversion of exon1 of DNAJB1. Its functional significance is undetermined.
P-0016308-T01-IM6	SOMATIC	DNMT1	DNMT1	19	19	10265137.0	10302207.0	Exon 21 of DNMT1(-)	Intron of DNMT1(-):3Kb after exon 1		GRCh37	DELETION	10.0	22.0	Deletion within transcript : mid-exon	PRECISE	3to5	DNMT1 (NM_001379) rearrangement: c.1803_c.80+3289del	yes	unknown	37070.0	27578.0	48086.0	0.0	23.0	Note: The DNMT1 rearrangement results in the deletion of exons 2-21. One of the breakpoints is within exon 21. The functional significance is undetermined.
P-0078212-T01-IM7	SOMATIC	DNMT1	CDC37	19	19	10248484.0	10510763.0	Intron of DNMT1(-):23bp after exon 35	Intron of CDC37(-):3Kb after exon 1		GRCh37	DUPLICATION	8.0	3.0	Protein Fusion: in frame  {DNMT1:CDC37}	PRECISE	5to3	DNMT1 (NM_001379) - CDC37 (NM_007065) rearrangement: c.4245+24:DNMT1_c.102+3291:CDC37dup	yes	unknown	262279.0	37623.0	72592.0	0.0	3.0	Note: The DNMT1 - CDC37 rearrangement is a duplication that results in a fusion of DNMT1 exons 1 - 35 to CDC37 exons 2 - 8. The fusion is predicted to be in frame. Functional significance is undetermined.
P-0086117-T01-IM7	SOMATIC	DOT1L		19	19	2201316.0	2211975.0	Intron of DOT1L(+):1Kb after exon 8	Intron of DOT1L(+):134bp after exon 16		GRCh37	INVERSION			Antisense Fusion	IMPPRECISE	3to3	DOT1L (NM_032482) rearrangement: c.707+1378_c.1557+134inv			10659.0	11339.0	22734.0	0.0	6.0	Note: The DOT1L rearrangement is an intragenic inversion of exons 9 - 16. Functional significance is undetermined.
P-0027128-T01-IM6	SOMATIC	DOT1L	DOT1L	19	19	2226500.0	2228059.0	Exon 27 of DOT1L(+)	Intron of DOT1L(+):933bp after exon 27		GRCh37	INVERSION	8.0	2.0	DOT1L-intragenic	PRECISE	5to5	DOT1L (NM_032482) rearrangement: c.3980_c.4606+933inv	yes	unknown	1559.0	6541.0	12067.0	0.0	2.0	Note: The DOT1L rearrangement results in the inversion of exon 27. One of the breakpoints is within exon 27. The functional significance is undetermined.
P-0073462-T02-IM7	SOMATIC	DOT1L	DOT1L	19	19	2130167.0	2202759.0	Intron of AP3D1(-):239bp after exon 6	Exon 9 of DOT1L(+)		GRCh37	DELETION	10.0	62.0	DOT1L-intragenic	PRECISE	3to5	DOT1L (NM_032482) rearrangement: c.768:DOT1L_chr19:g.2130167del	yes	unknown	72592.0	10625.0	15544.0	0.0	64.0	Note: The DOT1L rearrangement is a deletion of exons 1 - 9. One of the breakpoints is within exon 9. Functional significance is undetermined.
P-0016614-T01-IM6	SOMATIC	EP300	EP300	22	22	41533778.0	41556277.0	Exon 8 of EP300(+)	Intron of EP300(+):368bp before exon 20		GRCh37	DELETION	10.0	6.0	Deletion within transcript : mid-exon	PRECISE	3to5	EP300 (NM_001429) rearrangement: c.1744_c.3591-369del	yes	unknown	22499.0	13219.0	27220.0	0.0	6.0	Note: The EP300 rearrangement is an intragenic deletion of exons 8-19. One of the breakpoints is within exon 8. The functional significance is undetermined.
P-0025401-T01-IM6	SOMATIC	ERBB2		17	17	37882980.0	37884495.0	Intron of ERBB2(+):68bp after exon 24	3-UTR of ERBB2(+):28Kb after coding stop		GRCh37	DELETION			ERBB2-intragenic	PRECISE	3to5	ERBB2 (NM_004448) rearrangement: c.2970+68:ERBB2_chr17:g.37884495del			1515.0	9793.0	9088.0	0.0	10.0	Note: The ERBB2 rearrangement is a deletion of exons 25-27. The functional significance is undetermined.
P-0016838-T01-IM6	SOMATIC	ETV6	COX7A1	19	12	36644129.0	12018950.0	Promoter of COX7A1(-):2Kb from tx start	Intron of ETV6(+):3Kb before exon 5		GRCh37	TRANSLOCATION			ETV6-COX7A1 Fusion	PRECISE	3to5	ETV6 (NM_001987) - COX7A1 (NM_001864) rearrangement: t(12;19)(p13.2;q13.12)(chr12:g.12018950::chr19:g.36644129)			0.0	0.0	0.0	0.0	15.0	Note: The ETV6 - COX7A1 rearrangement is a translocation with breakpoints within ETV6 intron 4 and the promoter region of COX7A1. While the translocation does not result in a functional gene fusion, a more complex rearrangement involving ETV6 is possible. Additional testing by an alternative platform for the detection of gene fusions is recommended, if clinically indicated.
P-0016838-T01-IM6	SOMATIC	ETV6	HPN								GRCh37				ETV6-HPN Fusion - Archer			POSITIVE FOR GENE FUSIONS IN THE INVESTIGATIONAL PANEL: ETV6-HPN fusion. Note: The rearrangement is an in-frame fusion between genes ETV6 Exon4 (NM_001987) and HPN Exon10 (NM_002151).	yes	unknown						Lab Notes Run Number: ArcherV1-CLIN-20170007 Macro-dissection: Not Performed
P-0017426-T01-IM6	SOMATIC	FANCA	FANCA	16	16	89829147.0	89833521.0	Intron of FANCA(-):717bp before exon 29	Intron of FANCA(-):27bp after exon 27		GRCh37	DELETION	10.0	10.0	Deletion of 1 exon : in frame	PRECISE	3to5	FANCA (NM_000135) rearrangement: c.2779-717_c.2601+28del	yes	unknown	4374.0	2058.0	4311.0	0.0	10.0	Note: The FANCA rearrangement is an intragenic deletion of exon 28. The functional significance is undetermined.
P-0052369-T02-IM6	SOMATIC	FGF4	FGF4	11	11	69567257.0	69588925.0	IGR: 21Kb before FGF4(-)	Intron of FGF4(-):30bp before exon 2		GRCh37	DUPLICATION	10.0	14.0	FGF4-intragenic	PRECISE	5to3	FGF4 (NM_002007) rearrangement: c.341-30:FGF4_chr11:g.69567257dup	yes	unknown	21668.0	5539.0	6948.0	0.0	18.0	Note: The FGF4 rearrangement is a duplication of exons 2 - 3. Functional significance is undetermined.
P-0034928-T01-IM6	SOMATIC	GPR160	PRKCI	3	3	169756755.0	169977756.0	5-UTR of GPR160(+):45Kb before coding start	Exon 3 of PRKCI(+)		GRCh37	DELETION	10.0	16.0	Protein Fusion: mid-exon  {GPR160:PRKCI}	PRECISE	3to5	PRKCI (NM_002740) rearrangement: c.224-1:PRKCI_chr3:g.169756755del	yes	unknown	221001.0	3209.0	3934.0	0.0	21.0	Note: The PRKCI rearrangement is a deletion of exons 1-3. One of the breakpoints is within exon 3. Its functional significance is undetermined.
P-0007240-T01-IM5	SOMATIC	KDM5C	KDM5C	X	X	53237805.0	53239900.0	Intron of KDM5C(-): 2Kb after exon 12	Exon 11 of KDM5C(-)		GRCh37	DELETION	12.0	15.0	Deletion within transcript: mid-exon	PRECISE	3to5	KDM5C (NM_004187) rearrangement : c.1541_1746+1791del	yes	unknown	2095.0	2186.0	1526.0	0.0	11.0	Note: The KDM5C (NM_004187) rearrangement event results in the intragenic deletion of KDM5C exons 11-12. One of the breakpoints is within KDM5C exon11.
P-0039420-T01-IM6	SOMATIC	KMT2B	AKAP6	19	14	36210604.0	33173134.0	Intron of KMT2B(+):81bp before exon 3	Intron of AKAP6(+):8Kb after exon 9		GRCh37	TRANSLOCATION	10.0	60.0	KMT2B-intragenic	PRECISE	5to5	KMT2B (NM_014727) rearrangement: t(14;19)(q12;q13.12)(chr14:g.33173134::chr19:g.36210604)	yes	unknown	0.0	0.0	0.0	0.0	62.0	Note: The KMT2B rearrangement is a translocation with a breakpoint in intron 2. Functional significance is undetermined.
P-0039420-T01-IM6	SOMATIC	KMT2B	STRN3	19	14	36216822.0	31390746.0	Intron of KMT2B(+):103bp after exon 13	Intron of STRN3(-):2Kb before exon 9		GRCh37	TRANSLOCATION	10.0	52.0	Protein Fusion: out of frame  {KMT2B:STRN3}	PRECISE	3to3	KMT2B (NM_014727) - STRN3 (NM_001083893) rearrangement: t(14;19)(q12;q13.12)(chr14:g.31390746::chr19:g.36216822)	yes	unknown	0.0	0.0	0.0	0.0	50.0	Note: The KMT2B - STRN3 rearrangement is a translocation that results in a fusion of KMT2B exons 1 - 13 to STRN3 exons 9 - 18. Functional significance is undetermined.
P-0043000-T02-IM6	SOMATIC	MED12	SUGT1	X	13	70356437.0	53230412.0	Exon 37 of MED12(+)	Intron of SUGT1(+):1Kb before exon 3		GRCh37	TRANSLOCATION	10.0	8.0	MED12-intragenic	PRECISE	5to5	MED12 (NM_005120) rearrangement: t(13;X)(q14.3;q13.1)(chr13:g.53230412::chrX:g.70356437)	yes	unknown	0.0	0.0	0.0	0.0	11.0	Note: The MED12 rearrangement is a translocation with a breakpoint in exon 37. Functional significance is undetermined.
P-0036244-T01-IM6	SOMATIC	MGA	MGA	15	15	41971830.0	42057031.0	Intron of MGA(+):10Kb after exon 2	Intron of MGA(+):52bp before exon 23		GRCh37	DELETION	10.0	37.0	Deletion of 20 exons : out of frame	PRECISE	3to5	MGA (NM_001164273) rearrangement: c.1064+9674_c.7892-53del	yes	unknown	85201.0	54631.0	39870.0	0.0	39.0	Note: The MGA rearrangement is an intragenic deletion of exons 3-22. Its functional significance is undetermined.
P-0076400-T01-IM7	SOMATIC	NBR1	STAT5A	17	17	40459710.0	41357753.0	Exon 16 of STAT5A(+)	Intron of NBR1(+):2Kb after exon 20		GRCh37	DUPLICATION	10.0	18.0	Protein Fusion: mid-exon  {NBR1:STAT5A}	PRECISE	5to3	NBR1 (NM_005899) - STAT5A (NM_003152) rearrangement: c.2727+1950:NBR1_c.1875:STAT5Adup	yes	unknown	898043.0	105478.0	149516.0	0.0	18.0	Note: The NBR1 - STAT5A rearrangement is a duplication that results in a fusion of NBR1 exons 1 - 20 to STAT5A exons 16 - 20. One of the breakpoints is within STAT5A exon 16. Functional significance is undetermined.
P-0076610-T01-IM7	SOMATIC	PBRM1	PBRM1	3	3	52428665.0	52651328.0	Exon 67 of DNAH1(+)	Exon 15 of PBRM1(-)		GRCh37	DELETION	10.0	35.0	Antisense Fusion	PRECISE	3to5	PBRM1 (NM_018313) rearrangement: c.1768:PBRM1_chr3:g.52428665del	yes	unknown	222663.0	44959.0	52572.0	0.0	35.0	Note: The PBRM1 rearrangement is a deletion of exons 15 - 30. One of the breakpoints is within exon 15.
P-0045484-T03-IM6	SOMATIC	PIK3CB	PPM1L	3	3	138456596.0	160442290.0	Exon 4 of PIK3CB(-)	IGR: 32Kb before PPM1L(+)		GRCh37	DELETION	10.0	13.0	PIK3CB-intragenic	PRECISE	3to5	PIK3CB (NM_006219) rearrangement: c.754:PIK3CB_chr3:g.160442290del	yes	unknown	21985694.0	132171.0	140941.0	0.0	13.0	Note: The PIK3CB rearrangement is a deletion of exons 1 - 4. One of the breakpoints is within exon 4. Functional significance is undetermined.
P-0076400-T01-IM7	SOMATIC	POLD1	POLD1	19	19	41098502.0	50920683.0	Promoter of LTBP4(+):569bp from tx start	Intron of POLD1(+):157bp after exon 26		GRCh37	INVERSION	10.0	9.0	Antisense Fusion	PRECISE	3to3	POLD1 (NM_002691) rearrangement: c.3218+157:POLD1_chr19:g.41098502inv	yes	unknown	9822181.0	225899.0	258504.0	0.0	9.0	Note: The POLD1 rearrangement is an inversion of exons 1 - 26. Functional significance is undetermined.
P-0053373-T01-IM6	SOMATIC	PRAM1	STK11	19	19	1207117.0	8555980.0	Exon 1 of STK11(+)	Intron of PRAM1(-):3bp after exon 5		GRCh37	INVERSION	10.0	41.0	Protein Fusion: mid-exon  {PRAM1:STK11}	PRECISE	5to5	PRAM1 (NM_032152) - STK11 (NM_000455) rearrangement: c.1634+4:PRAM1_c.205:STK11inv	yes	unknown	7348863.0	428970.0	431991.0	0.0	42.0	Note: The PRAM1 - STK11 rearrangement is an inversion that results in a fusion of PRAM1 exons 1 - 5 to STK11 exons 1 - 9. One of the breakpoints is within STK11 exon 1. The fusion includes a part of the kinase domain of STK11. Functional significance is undetermined.
P-0063535-T02-IM7	SOMATIC	PTPRD	FAM205BP	9	9	8331858.0	34864686.0	Intron of PTPRD(-):122bp before exon 44	IGR: 34Kb before FAM205BP(-)		GRCh37	DELETION	10.0	26.0	PTPRD-intragenic	PRECISE	3to5	PTPRD (NM_002839) rearrangement: c.5380-122:PTPRD_chr9:g.34864686del	yes	unknown	26532828.0	166805.0	199251.0	0.0	26.0	Note: The PTPRD rearrangement is a deletion of exons 1 - 43.
P-0026289-T01-IM6	SOMATIC	RB1	RB1	13	13	48947686.0	48951752.0	Intron of RB1(+):58bp after exon 12	Intron of RB1(+):582bp after exon 13		GRCh37	DELETION	9.0	5.0	Deletion of 1 exon : in frame	PRECISE	3to5	RB1 (NM_000321) Rearrangement: c.1215+58_c.1332+582	yes	unknown	4066.0	535.0	738.0	0.0	5.0	Note: The RB1 rearrangement results in the deletion of exon 13.
P-0069002-T02-IM7	SOMATIC	RBM10	RBM10	X	X	46931765.0	47040745.0	IGR: 6Kb before RGN(+)	Exon 13 of RBM10(+)		GRCh37	DELETION	10.0	15.0	RBM10-intragenic	PRECISE	3to5	RBM10 (NM_001204468) rearrangement: c.1575:RBM10_chrX:g.46931765del	yes	unknown	108980.0	13543.0	15551.0	0.0	18.0	Note: The RBM10 rearrangement is a deletion of exons 1 - 13. One of the breakpoints is within exon 13.
P-0053220-T02-IM6	SOMATIC	RPTOR	RPTOR	17	17	65377868.0	78923312.0	Intron of PITPNC1(+):4Kb after exon 1	Exon 28 of RPTOR(+)		GRCh37	INVERSION	10.0	21.0	RPTOR-intragenic	PRECISE	5to5	RPTOR (NM_020761) rearrangement: c.3335:RPTOR_chr17:g.65377868inv	yes	unknown	13545444.0	111422.0	147875.0	0.0	27.0	Note: The RPTOR rearrangement is an inversion of exons 1 - 28. One of the breakpoints is within exon 28. Functional significance is undetermined.
P-0070426-T01-IM7	SOMATIC	SMARCA4	SMARCA4	19	19	11088240.0	11123486.0	5-UTR of SMARCA4(+):7Kb before coding start	Intron of SMARCA4(+):138bp before exon 16		GRCh37	DELETION	10.0	25.0	Deletion within transcript	PRECISE	3to5	SMARCA4 (NM_003072) rearrangement: c.2275-139:SMARCA4_chr19:g.11088240del	yes	unknown	35246.0	28250.0	29525.0	0.0	25.0	Note: The SMARCA4 rearrangement is a deletion of exons 1 - 15.
P-0065419-T01-IM7	SOMATIC	STAG2	STAG2	X	X	123159808.0	123173507.0	Intron of STAG2(+):40bp after exon 4	Intron of STAG2(+):2Kb after exon 6		GRCh37	DELETION	8.0	4.0	Deletion of 2 exons : out of frame	PRECISE	3to5	STAG2 (NM_001042749) rearrangement: c.123+40_c.385+2034del	yes	unknown	13699.0	2683.0	2520.0	0.0	4.0	Note: The STAG2 rearrangement is an intragenic deletion of exons 5 - 6.
P-0060084-T02-IM7	SOMATIC	STAT3	STAT3	17	17	39131715.0	40478135.0	Promoter of KRT40(-):2Kb from tx start	Exon 15 of STAT3(-)		GRCh37	DELETION	6.0	4.0	Protein Fusion: mid-exon  {STAT3:KRT40}	PRECISE	3to5	STAT3 (NM_139276) rearrangement: c.1364:STAT3_chr17:g.39131715del	yes	unknown	1346420.0	81296.0	161476.0	0.0	4.0	Note: The STAT3 rearrangement is a deletion of exons 15 - 24. One of the breakpoints is within exon 15. Functional significance is undetermined.
P-0086117-T01-IM7	SOMATIC	STK11		19	19	1206295.0	1222075.0	5-UTR of STK11(+):617bp before coding start	Intron of STK11(+):70bp after exon 7		GRCh37	INVERSION			Antisense Fusion	IMPPRECISE	3to3	STK11 (NM_000455) rearrangement: c.920+70:STK11_chr19:g.1206295inv			15780.0	11456.0	22953.0	0.0	12.0	Note: The STK11 rearrangement is an inversion of exons 1 - 7. The rearrangement includes a part of the kinase domain of STK11. Functional significance is undetermined.
P-0032513-T01-IM6	SOMATIC	STK11	STK11	19	19	1207034.0	1209544.0	Exon 1 of STK11(+)	Intron of STK11(+):2Kb after exon 1		GRCh37	DELETION	10.0	16.0	Deletion within transcript : mid-exon	PRECISE	3to5	STK11 (NM_000455) Rearrangement : c.122_c.290+2342del	yes	unknown	2510.0	1663.0	1556.0	0.0	21.0	Note: The STK11 Rearrangement results in the partial deletion of exon1 of STK11. One of the breakpoints is within exon1. Its functional significance is undetermined.
P-0043153-T01-IM6	SOMATIC	STK11	STK11	19	19	1202211.0	1218398.0	IGR: 4Kb before STK11(+)	Intron of STK11(+):17bp before exon 2		GRCh37	DELETION	10.0	57.0	STK11-intragenic	PRECISE	3to5	STK11 (NM_000455) rearrangement: c.291-18:STK11_chr19:g.1202211del	yes	unknown	16187.0	4429.0	3039.0	0.0	60.0	Note: The STK11 rearrangement is a deletion of exon 1. The rearrangement includes a part of the kinase domain of STK11.
P-0070706-T01-IM7	SOMATIC	TP53	TP53	17	17	7573908.0	7579908.0	Intron of TP53(-):18bp after exon 10	Exon 2 of TP53(-)		GRCh37	INVERSION	10.0	25.0	Antisense Fusion	PRECISE	5to5	TP53 (NM_000546) rearrangement: c.5_c.1100+19inv	yes	unknown	6000.0	12285.0	8160.0	0.0	27.0	Note: The TP53 rearrangement is an intragenic inversion of exons 2 - 10. One of the breakpoints is within exon 2. Functional significance is undetermined.
P-0058293-T02-IM7	SOMATIC	TP53	TP53	17	17	7579152.0	7590879.0	Intron of TP53(-):159bp after exon 4	Promoter of TP53(-):19Kb from tx start		GRCh37	DELETION	10.0	7.0	Deletion within transcript	PRECISE	3to5	TP53 (NM_000546) rearrangement: c.375+160:TP53_chr17:g.7590879del	yes	unknown	11727.0	27549.0	14925.0	0.0	7.0	Note: The TP53 rearrangement is a deletion of exons 1 - 4.
P-0018462-T01-IM6	SOMATIC	TP53	TP53	17	17	7577044.0	7578533.0	Exon 8 of TP53(-)	Exon 5 of TP53(-)		GRCh37	DELETION	10.0	37.0	Deletion within transcript : mid-exon	PRECISE	3to5	TP53 (NM_000546) rearrangement: c.397_c.894del	yes	unknown	1489.0	5844.0	7188.0	0.0	40.0	Note: The TP53 rearrangement is an intragenic deletion of exons 5-8. Both breakpoints are within exon. The functional significance is undetermined.
P-0019365-T01-IM6	SOMATIC	TP53	TP53	17	17	7577066.0	7588780.0	Exon 8 of TP53(-)	5-UTR of TP53(-):16Kb before coding start		GRCh37	DUPLICATION	10.0	9.0	Duplication within transcript : mid-exon	PRECISE	5to3	TP53 (NM_000546) Rearrangement : c.-29+1915_c.872dup	yes	unknown	11714.0	15761.0	21214.0	0.0	9.0	Note: The TP53 Rearrangement results in the duplication of exons 1-8 of TP53. One of the breakpoints is within exon8. Its functional significance is undetermined.
P-0052369-T02-IM6	SOMATIC	TP63	TP63	3	3	185353883.0	189585723.0	IGR: 8Kb before IGF2BP2(-)	Exon 7 of TP63(+)		GRCh37	DELETION	9.0	5.0	TP63-intragenic	PRECISE	3to5	TP63 (NM_003722) rearrangement: c.984:TP63_chr3:g.185353883del	yes	unknown	4231840.0	43536.0	51572.0	0.0	7.0	Note: The TP63 rearrangement is a deletion of exons 1 - 7. One of the breakpoints is within exon 7.
P-0030964-T01-IM6	SOMATIC	VEGFA	VEGFA	6	6	43738659.0	43742102.0	5-UTR of VEGFA(+):324bp before coding start	Exon 2 of VEGFA(+)		GRCh37	DELETION	10.0	32.0	Deletion within transcript : mid-exon	PRECISE	3to5	VEGFA (NM_001171623) rearrangement: c.-325_c.91del	yes	unknown	3443.0	1403.0	2383.0	0.0	32.0	Note: The VEGFA rearrangement results in the deletion of exons 1-2. One of the breakpoints is within exon 2. The functional significance is undetermined.
